file,match_id,round_number,p1_profile_id,p1_profile_name,p1_character,p2_profile_id,p2_profile_name,p2_character,winner_profile_id,winner_profile_name,p1_score,p2_score,p1_elo_before,p2_elo_before,p1_elo_after,p2_elo_after,p1_char_elo_after,p2_char_elo_after,damage_p1,damage_p2,final_hp_p1,final_hp_p2,max_hp,hp_margin
match_2026-03-11_14-44-55_843649846259.json,843649846259,1,a227ee27-cce6-458c-8465-49ed718d5bd9,ass,Fin,a227ee27-cce6-458c-8465-49ed718d5bd9,ass,Steelager,a227ee27-cce6-458c-8465-49ed718d5bd9,ass,0.15500000000000003,0.845,1500.0,1500.0,1488.96,1511.04,1488.96,1511.04,62.0,107.0,0.0,38.0,100.0,0.38
match_2026-03-11_15-12-27_80a08e92c3d0.json,80a08e92c3d0,1,a227ee27-cce6-458c-8465-49ed718d5bd9,ceas,Lithra,a227ee27-cce6-458c-8465-49ed718d5bd9,ceas,Lazy Bigus,a227ee27-cce6-458c-8465-49ed718d5bd9,ceas,0.25,0.75,1511.04,1511.04,1503.04,1519.04,1492.0,1508.0,110.0,0.0,0.0,0.0,100.0,0.0
match_2026-03-11_17-01-09_30f4068d5a70.json,30f4068d5a70,1,7b2d5b56-fb33-42ca-bb1c-ca8c3f246947,Saleaz,Fin,7a3deb71-1a5e-4b42-a2d4-2fe4129134a1,koutaliaris,Steelager,7b2d5b56-fb33-42ca-bb1c-ca8c3f246947,Saleaz,0.78,0.21999999999999997,1500.0,1500.0,1508.96,1491.04,1508.96,1491.04,100.0,88.0,12.0,0.0,100.0,0.12
match_2026-03-11_17-01-55_7fd2733995d3.json,7fd2733995d3,1,7b2d5b56-fb33-42ca-bb1c-ca8c3f246947,Saleaz,Lazy Bigus,7a3deb71-1a5e-4b42-a2d4-2fe4129134a1,koutaliaris,Skipler,7a3deb71-1a5e-4b42-a2d4-2fe4129134a1,koutaliaris,0.15249999999999997,0.8475,1508.96,1491.04,1497.0154845204888,1502.9845154795112,1488.88,1511.12,17.0,103.0,0.0,39.0,100.0,0.39
match_2026-03-11_17-02-48_d948738115b1.json,d948738115b1,1,7b2d5b56-fb33-42ca-bb1c-ca8c3f246947,Saleaz,Vander,7a3deb71-1a5e-4b42-a2d4-2fe4129134a1,koutaliaris,Lazy Bigus,7a3deb71-1a5e-4b42-a2d4-2fe4129134a1,koutaliaris,0.13749999999999996,0.8625,1497.0154845204888,1502.9845154795112,1485.6903415127774,1514.3096584872226,1488.4,1511.6,55.0,83.0,0.0,45.0,100.0,0.45
match_2026-03-11_17-03-32_842909dee042.json,842909dee042,1,7b2d5b56-fb33-42ca-bb1c-ca8c3f246947,Saleaz,Lupen,7a3deb71-1a5e-4b42-a2d4-2fe4129134a1,koutaliaris,Fin,7a3deb71-1a5e-4b42-a2d4-2fe4129134a1,koutaliaris,0.03500000000000003,0.965,1485.6903415127774,1514.3096584872226,1472.1253368913167,1527.8746631086833,1485.12,1514.88,14.0,100.0,0.0,86.0,100.0,0.86
match_2026-03-11_17-04-11_163a0db304c9.json,163a0db304c9,1,7b2d5b56-fb33-42ca-bb1c-ca8c3f246947,Saleaz,Lazy Bigus,7a3deb71-1a5e-4b42-a2d4-2fe4129134a1,koutaliaris,Visvia,7a3deb71-1a5e-4b42-a2d4-2fe4129134a1,koutaliaris,0.1975,0.8025,1472.1253368913167,1527.8746631086833,1464.9908787584086,1535.0091212415914,1479.711920136414,1509.1680798635862,79.0,101.0,0.0,21.0,100.0,0.21
match_2026-03-11_17-05-31_619fe93bb207.json,619fe93bb207,1,7b2d5b56-fb33-42ca-bb1c-ca8c3f246947,Saleaz,Fin,7a3deb71-1a5e-4b42-a2d4-2fe4129134a1,koutaliaris,Lupen,7a3deb71-1a5e-4b42-a2d4-2fe4129134a1,koutaliaris,0.10499999999999998,0.895,1464.9908787584086,1535.0091212415914,1455.5323831423595,1544.4676168576405,1495.9074682014689,1513.0525317985312,42.0,105.0,0.0,58.0,100.0,0.58
match_2026-03-11_17-06-17_0b06582c9e8e.json,0b06582c9e8e,1,7b2d5b56-fb33-42ca-bb1c-ca8c3f246947,Saleaz,Chiback,7a3deb71-1a5e-4b42-a2d4-2fe4129134a1,koutaliaris,Steelager,7a3deb71-1a5e-4b42-a2d4-2fe4129134a1,koutaliaris,0.14500000000000002,0.855,1455.5323831423595,1544.4676168576405,1448.1808324618546,1551.8191675381454,1488.2274682014688,1502.8125317985312,58.0,124.0,0.0,42.0,100.0,0.42
match_2026-03-11_17-07-08_2f8ec66762c3.json,2f8ec66762c3,1,7b2d5b56-fb33-42ca-bb1c-ca8c3f246947,Saleaz,Vander,7a3deb71-1a5e-4b42-a2d4-2fe4129134a1,koutaliaris,Lithra,7a3deb71-1a5e-4b42-a2d4-2fe4129134a1,koutaliaris,0.10999999999999999,0.89,1448.1808324618546,1551.8191675381454,1440.3368585078056,1559.6631414921944,1476.454001334937,1511.9459986650631,44.0,136.0,0.0,56.0,100.0,0.56
match_2026-03-11_17-07-45_4c71cb927f9d.json,4c71cb927f9d,1,7b2d5b56-fb33-42ca-bb1c-ca8c3f246947,Saleaz,Steelager,7a3deb71-1a5e-4b42-a2d4-2fe4129134a1,koutaliaris,Lithra,7b2d5b56-fb33-42ca-bb1c-ca8c3f246947,Saleaz,0.8,0.19999999999999996,1440.3368585078056,1559.6631414921944,1455.2257020553811,1544.7742979446189,1510.1499168794273,1501.7960817856358,117.0,80.0,20.0,0.0,100.0,0.2
match_2026-03-11_17-08-40_a16ac09fd42c.json,a16ac09fd42c,1,7b2d5b56-fb33-42ca-bb1c-ca8c3f246947,Saleaz,Visvia,7a3deb71-1a5e-4b42-a2d4-2fe4129134a1,koutaliaris,Lithra,7a3deb71-1a5e-4b42-a2d4-2fe4129134a1,koutaliaris,0.1925,0.8075,1455.2257020553811,1544.7742979446189,1449.4206131514577,1550.5793868485423,1490.2427118861083,1511.5533698995275,77.0,100.0,0.0,23.0,100.0,0.23
match_2026-03-11_17-09-30_c4dbe741446d.json,c4dbe741446d,1,7b2d5b56-fb33-42ca-bb1c-ca8c3f246947,Saleaz,Chiback,7a3deb71-1a5e-4b42-a2d4-2fe4129134a1,koutaliaris,Lupen,7b2d5b56-fb33-42ca-bb1c-ca8c3f246947,Saleaz,0.89,0.10999999999999999,1449.4206131514577,1550.5793868485423,1466.4318229778366,1533.5681770221634,1501.8487630235231,1499.4312369764768,102.0,44.0,56.0,0.0,100.0,0.56
match_2026-03-11_17-10-36_063bf0d84449.json,063bf0d84449,1,7b2d5b56-fb33-42ca-bb1c-ca8c3f246947,Saleaz,Skipler,7a3deb71-1a5e-4b42-a2d4-2fe4129134a1,koutaliaris,Lithra,7b2d5b56-fb33-42ca-bb1c-ca8c3f246947,Saleaz,0.7975,0.2025,1466.4318229778366,1533.5681770221634,1479.0056512844474,1520.9943487155526,1510.0518563218325,1501.501513577695,113.0,81.0,19.0,0.0,100.0,0.19
match_2026-03-11_17-11-39_4cad324b49be.json,4cad324b49be,1,7b2d5b56-fb33-42ca-bb1c-ca8c3f246947,Saleaz,Chiback,7a3deb71-1a5e-4b42-a2d4-2fe4129134a1,koutaliaris,Steelager,7a3deb71-1a5e-4b42-a2d4-2fe4129134a1,koutaliaris,0.17999999999999994,0.8200000000000001,1479.0056512844474,1520.9943487155526,1470.6899429601237,1529.3100570398763,1491.6531461019722,1513.008148720082,72.0,110.0,0.0,28.0,100.0,0.28
match_2026-03-11_17-12-35_7711ccb79ba6.json,7711ccb79ba6,1,7b2d5b56-fb33-42ca-bb1c-ca8c3f246947,Saleaz,Fin,7a3deb71-1a5e-4b42-a2d4-2fe4129134a1,koutaliaris,Steelager,7a3deb71-1a5e-4b42-a2d4-2fe4129134a1,koutaliaris,0.03500000000000003,0.965,1470.6899429601237,1529.3100570398763,1458.4841710781836,1541.5158289218164,1481.8143483181448,1527.1012686034062,14.0,101.0,0.0,86.0,100.0,0.86
match_2026-03-11_17-13-17_244f3d8a7c2d.json,244f3d8a7c2d,1,7b2d5b56-fb33-42ca-bb1c-ca8c3f246947,Saleaz,Fin,7a3deb71-1a5e-4b42-a2d4-2fe4129134a1,koutaliaris,Chiback,7a3deb71-1a5e-4b42-a2d4-2fe4129134a1,koutaliaris,0.20999999999999996,0.79,1458.4841710781836,1541.5158289218164,1452.956749799272,1547.043250200728,1473.3710645391257,1508.443283779019,84.0,100.0,0.0,16.0,100.0,0.16
match_2026-03-11_17-14-16_e81350bdfe17.json,e81350bdfe17,1,7b2d5b56-fb33-42ca-bb1c-ca8c3f246947,Saleaz,Visvia,7a3deb71-1a5e-4b42-a2d4-2fe4129134a1,koutaliaris,Lupen,7b2d5b56-fb33-42ca-bb1c-ca8c3f246947,Saleaz,0.9299999999999999,0.07000000000000006,1452.956749799272,1547.043250200728,1470.9466955054693,1529.0533044945307,1504.4257604780237,1485.2481883845614,101.0,28.0,72.0,0.0,100.0,0.72
match_2026-03-11_17-15-21_60c08045cc9a.json,60c08045cc9a,1,7b2d5b56-fb33-42ca-bb1c-ca8c3f246947,Saleaz,Rager,7a3deb71-1a5e-4b42-a2d4-2fe4129134a1,koutaliaris,Chiback,7a3deb71-1a5e-4b42-a2d4-2fe4129134a1,koutaliaris,0.22250000000000003,0.7775,1470.9466955054693,1529.0533044945307,1464.717930790415,1535.282069209585,1491.5087510615922,1516.934532717427,89.0,122.0,0.0,11.0,100.0,0.11
match_2026-03-11_17-17-36_e548679433be.json,e548679433be,1,7b2d5b56-fb33-42ca-bb1c-ca8c3f246947,Saleaz,Steelager,7a3deb71-1a5e-4b42-a2d4-2fe4129134a1,koutaliaris,Visvia,7b2d5b56-fb33-42ca-bb1c-ca8c3f246947,Saleaz,0.7775,0.22250000000000003,1464.717930790415,1535.282069209585,1476.8035730632384,1523.1964269367616,1518.9847017342618,1500.3332950087517,101.0,89.0,11.0,0.0,100.0,0.11
match_2026-03-12_16-44-27_451d68927cbd.json,451d68927cbd,1,7b2d5b56-fb33-42ca-bb1c-ca8c3f246947,Saleaz,Fin,7a3deb71-1a5e-4b42-a2d4-2fe4129134a1,koutaliaris,Lithra,7a3deb71-1a5e-4b42-a2d4-2fe4129134a1,koutaliaris,0.07000000000000006,0.9299999999999999,1476.8035730632384,1523.1964269367616,1465.1674350325966,1534.8325649674034,1460.9036962165371,1513.9688819002836,28.0,102.0,0.0,72.0,100.0,0.72
match_2026-03-12_16-45-08_1af542b7276a.json,1af542b7276a,1,7b2d5b56-fb33-42ca-bb1c-ca8c3f246947,Saleaz,Rager,7a3deb71-1a5e-4b42-a2d4-2fe4129134a1,koutaliaris,Lazy Bigus,7b2d5b56-fb33-42ca-bb1c-ca8c3f246947,Saleaz,0.7975,0.2025,1465.1674350325966,1534.8325649674034,1477.8533177910545,1522.1466822089455,1501.9529573177394,1501.1557937438527,103.0,69.0,19.0,0.0,100.0,0.19
match_2026-03-12_16-45-54_0aa8d721947e.json,0aa8d721947e,1,7b2d5b56-fb33-42ca-bb1c-ca8c3f246947,Saleaz,Fin,7a3deb71-1a5e-4b42-a2d4-2fe4129134a1,koutaliaris,Chiback,7a3deb71-1a5e-4b42-a2d4-2fe4129134a1,koutaliaris,0.14,0.86,1477.8533177910545,1522.1466822089455,1468.3621232242035,1531.6378767757965,1451.9418723388726,1525.8963565950914,56.0,101.0,0.0,44.0,100.0,0.44
match_2026-03-12_16-46-48_40fc06b7651a.json,40fc06b7651a,1,7b2d5b56-fb33-42ca-bb1c-ca8c3f246947,Saleaz,Rager,7a3deb71-1a5e-4b42-a2d4-2fe4129134a1,koutaliaris,Chiback,7b2d5b56-fb33-42ca-bb1c-ca8c3f246947,Saleaz,0.885,0.11499999999999999,1468.3621232242035,1531.6378767757965,1483.5642839367279,1516.4357160632721,1515.373849358552,1512.475464554279,85.0,46.0,54.0,0.0,100.0,0.54
match_2026-03-12_16-47-18_ee5b521a633f.json,ee5b521a633f,1,7b2d5b56-fb33-42ca-bb1c-ca8c3f246947,Saleaz,Skipler,7a3deb71-1a5e-4b42-a2d4-2fe4129134a1,koutaliaris,Chiback,7b2d5b56-fb33-42ca-bb1c-ca8c3f246947,Saleaz,0.8025,0.1975,1483.5642839367279,1516.4357160632721,1494.7535686341303,1505.2464313658697,1519.8434657952612,1502.6838550808502,108.0,79.0,21.0,0.0,100.0,0.21
match_2026-03-12_16-48-19_21ea7daad1b9.json,21ea7daad1b9,1,7b2d5b56-fb33-42ca-bb1c-ca8c3f246947,Saleaz,Lupen,7a3deb71-1a5e-4b42-a2d4-2fe4129134a1,koutaliaris,Chiback,7a3deb71-1a5e-4b42-a2d4-2fe4129134a1,koutaliaris,0.15000000000000002,0.85,1494.7535686341303,1505.2464313658697,1484.036635961707,1515.963364038293,1474.7281570956957,1513.0756979851544,60.0,113.0,0.0,40.0,100.0,0.4
match_2026-03-12_16-49-17_a9ceba08a322.json,a9ceba08a322,1,7b2d5b56-fb33-42ca-bb1c-ca8c3f246947,Saleaz,Fin,7a3deb71-1a5e-4b42-a2d4-2fe4129134a1,koutaliaris,Lithra,7a3deb71-1a5e-4b42-a2d4-2fe4129134a1,koutaliaris,0.17500000000000004,0.825,1484.036635961707,1515.963364038293,1475.102791592331,1524.897208407669,1444.3683564748114,1521.5423977643447,70.0,110.0,0.0,30.0,100.0,0.3
match_2026-03-12_16-49-59_e9808cfa0926.json,e9808cfa0926,1,7b2d5b56-fb33-42ca-bb1c-ca8c3f246947,Saleaz,Visvia,7a3deb71-1a5e-4b42-a2d4-2fe4129134a1,koutaliaris,Rager,7b2d5b56-fb33-42ca-bb1c-ca8c3f246947,Saleaz,0.8674999999999999,0.13250000000000006,1475.102791592331,1524.897208407669,1489.140336510881,1510.859663489119,1515.9819576992797,1488.443802778744,104.0,53.0,47.0,0.0,100.0,0.47
match_2026-03-12_16-50-32_98a1c92d3291.json,98a1c92d3291,1,7b2d5b56-fb33-42ca-bb1c-ca8c3f246947,Saleaz,Visvia,7a3deb71-1a5e-4b42-a2d4-2fe4129134a1,koutaliaris,Steelager,7a3deb71-1a5e-4b42-a2d4-2fe4129134a1,koutaliaris,0.245,0.755,1489.140336510881,1510.859663489119,1481.9792476034072,1518.0207523965928,1508.3338461341393,1534.7493801685466,98.0,112.0,0.0,2.0,100.0,0.02
match_2026-03-12_16-51-40_0342f37ed132.json,0342f37ed132,1,7b2d5b56-fb33-42ca-bb1c-ca8c3f246947,Saleaz,Steelager,7a3deb71-1a5e-4b42-a2d4-2fe4129134a1,koutaliaris,Lithra,7a3deb71-1a5e-4b42-a2d4-2fe4129134a1,koutaliaris,0.08499999999999996,0.915,1481.9792476034072,1518.0207523965928,1470.3530920852936,1529.6469079147064,1505.8224858615736,1534.704613637033,34.0,111.0,0.0,66.0,100.0,0.66
match_2026-03-12_16-52-22_9059c3298d35.json,9059c3298d35,1,7b2d5b56-fb33-42ca-bb1c-ca8c3f246947,Saleaz,Steelager,7a3deb71-1a5e-4b42-a2d4-2fe4129134a1,koutaliaris,Visvia,7a3deb71-1a5e-4b42-a2d4-2fe4129134a1,koutaliaris,0.24750000000000005,0.7525,1470.3530920852936,1529.6469079147064,1464.977468803693,1535.022531196307,1497.4897203118485,1508.6660605584768,99.0,112.0,0.0,1.0,100.0,0.01
match_2026-03-12_16-53-27_0bc620140520.json,0bc620140520,1,7b2d5b56-fb33-42ca-bb1c-ca8c3f246947,Saleaz,Visvia,7a3deb71-1a5e-4b42-a2d4-2fe4129134a1,koutaliaris,Steelager,7a3deb71-1a5e-4b42-a2d4-2fe4129134a1,koutaliaris,0.08499999999999996,0.915,1464.977468803693,1535.022531196307,1454.8801594372565,1545.1198405627435,1496.2679878584922,1546.8152384441937,34.0,102.0,0.0,66.0,100.0,0.66
match_2026-03-12_16-54-20_7597a09bcc3b.json,7597a09bcc3b,1,7b2d5b56-fb33-42ca-bb1c-ca8c3f246947,Saleaz,Visvia,7a3deb71-1a5e-4b42-a2d4-2fe4129134a1,koutaliaris,Lithra,7a3deb71-1a5e-4b42-a2d4-2fe4129134a1,koutaliaris,0.19999999999999996,0.8,1454.8801594372565,1545.1198405627435,1449.34485722822,1550.65514277178,1488.4308738300322,1542.541727665493,80.0,114.0,0.0,20.0,100.0,0.2
match_2026-03-12_16-55-03_44c524701a70.json,44c524701a70,1,7b2d5b56-fb33-42ca-bb1c-ca8c3f246947,Saleaz,Rager,7a3deb71-1a5e-4b42-a2d4-2fe4129134a1,koutaliaris,Chiback,7b2d5b56-fb33-42ca-bb1c-ca8c3f246947,Saleaz,0.77,0.22999999999999998,1449.34485722822,1550.65514277178,1462.5224840362753,1537.4775159637247,1523.9080171201665,1504.54153022354,100.0,92.0,8.0,0.0,100.0,0.08
match_2026-03-12_16-55-48_37b7d80d6de1.json,37b7d80d6de1,1,7b2d5b56-fb33-42ca-bb1c-ca8c3f246947,Saleaz,Lazy Bigus,7a3deb71-1a5e-4b42-a2d4-2fe4129134a1,koutaliaris,Lupen,7b2d5b56-fb33-42ca-bb1c-ca8c3f246947,Saleaz,0.7825,0.21750000000000003,1462.5224840362753,1537.4775159637247,1474.9617170654406,1525.0382829345594,1489.0068531345894,1475.953255386386,90.0,87.0,13.0,0.0,100.0,0.13
match_2026-03-12_16-57-01_e1c24831b1c6.json,e1c24831b1c6,1,7b2d5b56-fb33-42ca-bb1c-ca8c3f246947,Saleaz,Skipler,7a3deb71-1a5e-4b42-a2d4-2fe4129134a1,koutaliaris,Lupen,7a3deb71-1a5e-4b42-a2d4-2fe4129134a1,koutaliaris,0.12250000000000005,0.8775,1474.9617170654406,1525.0382829345594,1465.171990673671,1534.828009326329,1505.752930461268,1490.043790720379,54.0,110.0,0.0,51.0,100.0,0.51
match_2026-03-12_16-57-58_368e8e42dc8c.json,368e8e42dc8c,1,7b2d5b56-fb33-42ca-bb1c-ca8c3f246947,Saleaz,Lazy Bigus,7a3deb71-1a5e-4b42-a2d4-2fe4129134a1,koutaliaris,Skipler,7a3deb71-1a5e-4b42-a2d4-2fe4129134a1,koutaliaris,0.235,0.765,1465.171990673671,1534.828009326329,1459.8574702676162,1540.1425297323838,1481.5438283272233,1518.583024807366,90.0,111.0,0.0,6.0,100.0,0.06
match_2026-03-12_16-59-09_098b9c5eac3b.json,098b9c5eac3b,1,7b2d5b56-fb33-42ca-bb1c-ca8c3f246947,Saleaz,Lupen,7a3deb71-1a5e-4b42-a2d4-2fe4129134a1,koutaliaris,Skipler,7a3deb71-1a5e-4b42-a2d4-2fe4129134a1,koutaliaris,0.0675,0.9325,1459.8574702676162,1540.1425297323838,1449.6503015478036,1550.3496984521964,1462.897090517609,1530.4140913854526,27.0,108.0,0.0,73.0,100.0,0.73
match_2026-03-12_16-59-59_01a19c08eea7.json,01a19c08eea7,1,7b2d5b56-fb33-42ca-bb1c-ca8c3f246947,Saleaz,Chiback,7a3deb71-1a5e-4b42-a2d4-2fe4129134a1,koutaliaris,Lithra,7b2d5b56-fb33-42ca-bb1c-ca8c3f246947,Saleaz,0.865,0.135,1449.6503015478036,1550.3496984521964,1465.8420457060006,1534.1579542939994,1505.6600358935323,1528.534837873933,100.0,54.0,46.0,0.0,100.0,0.46
match_2026-03-12_17-00-47_301cb29d6bb0.json,301cb29d6bb0,1,7b2d5b56-fb33-42ca-bb1c-ca8c3f246947,Saleaz,Vander,7a3deb71-1a5e-4b42-a2d4-2fe4129134a1,koutaliaris,Steelager,7b2d5b56-fb33-42ca-bb1c-ca8c3f246947,Saleaz,0.765,0.235,1465.8420457060006,1534.1579542939994,1477.4281815605661,1522.5718184394339,1488.1306736858355,1535.1385660932951,63.0,125.0,6.0,0.0,100.0,0.06
match_2026-03-12_17-02-20_90b1a71cdd3d.json,90b1a71cdd3d,1,7b2d5b56-fb33-42ca-bb1c-ca8c3f246947,Saleaz,Rager,7a3deb71-1a5e-4b42-a2d4-2fe4129134a1,koutaliaris,Lazy Bigus,7b2d5b56-fb33-42ca-bb1c-ca8c3f246947,Saleaz,0.7725,0.22750000000000004,1477.4281815605661,1522.5718184394339,1488.2155018880292,1511.7844981119708,1531.5817337254978,1493.4820771385214,101.0,79.0,9.0,0.0,100.0,0.09
match_2026-03-12_17-03-10_eb942666a3be.json,eb942666a3be,1,7b2d5b56-fb33-42ca-bb1c-ca8c3f246947,Saleaz,Lazy Bigus,7a3deb71-1a5e-4b42-a2d4-2fe4129134a1,koutaliaris,Rager,7b2d5b56-fb33-42ca-bb1c-ca8c3f246947,Saleaz,0.7775,0.22250000000000003,1488.2155018880292,1511.7844981119708,1498.1792323923653,1501.8207676076347,1490.7415421249198,1479.2460889810475,0.0,89.0,11.0,0.0,100.0,0.11
match_2026-03-12_17-03-44_0bda3a5cd800.json,0bda3a5cd800,1,7b2d5b56-fb33-42ca-bb1c-ca8c3f246947,Saleaz,Rager,7a3deb71-1a5e-4b42-a2d4-2fe4129134a1,koutaliaris,Fin,7a3deb71-1a5e-4b42-a2d4-2fe4129134a1,koutaliaris,0.18999999999999995,0.81,1498.1792323923653,1501.8207676076347,1488.4269251458184,1511.5730748541816,1520.893182378299,1525.568551347199,76.0,104.0,0.0,24.0,100.0,0.24
match_2026-03-12_17-04-21_6688e3984718.json,6688e3984718,1,7b2d5b56-fb33-42ca-bb1c-ca8c3f246947,Saleaz,Vander,7a3deb71-1a5e-4b42-a2d4-2fe4129134a1,koutaliaris,Steelager,7b2d5b56-fb33-42ca-bb1c-ca8c3f246947,Saleaz,0.7625,0.23750000000000004,1488.4269251458184,1511.5730748541816,1497.8912705969974,1502.1087294030026,1498.6823535915908,1524.58688618754,98.0,121.0,5.0,0.0,100.0,0.05
match_2026-03-12_17-05-40_6cceb7a37bc7.json,6cceb7a37bc7,1,7b2d5b56-fb33-42ca-bb1c-ca8c3f246947,Saleaz,Chiback,7a3deb71-1a5e-4b42-a2d4-2fe4129134a1,koutaliaris,Skipler,7a3deb71-1a5e-4b42-a2d4-2fe4129134a1,koutaliaris,0.07750000000000001,0.9225,1497.8912705969974,1502.1087294030026,1484.5654822135393,1515.4345177864607,1493.2780772624287,1542.7960500165561,31.0,102.0,0.0,69.0,100.0,0.69
match_2026-03-12_17-06-14_894d3ab03eef.json,894d3ab03eef,1,7b2d5b56-fb33-42ca-bb1c-ca8c3f246947,Saleaz,Skipler,7a3deb71-1a5e-4b42-a2d4-2fe4129134a1,koutaliaris,Lupen,7b2d5b56-fb33-42ca-bb1c-ca8c3f246947,Saleaz,0.8725,0.12749999999999995,1484.5654822135393,1515.4345177864607,1497.9033249779823,1502.0966750220177,1516.9499904228921,1478.846730758755,107.0,51.0,49.0,0.0,100.0,0.49
match_2026-03-12_17-07-22_2904a5f15da5.json,2904a5f15da5,1,7b2d5b56-fb33-42ca-bb1c-ca8c3f246947,Saleaz,Vander,7a3deb71-1a5e-4b42-a2d4-2fe4129134a1,koutaliaris,Visvia,7a3deb71-1a5e-4b42-a2d4-2fe4129134a1,koutaliaris,0.17999999999999994,0.8200000000000001,1497.9033249779823,1502.0966750220177,1487.8564265076527,1512.1435734923473,1488.901993783228,1518.4464203668397,38.0,119.0,0.0,28.0,100.0,0.28
match_2026-03-12_17-08-08_88315a652499.json,88315a652499,1,7b2d5b56-fb33-42ca-bb1c-ca8c3f246947,Saleaz,Steelager,7a3deb71-1a5e-4b42-a2d4-2fe4129134a1,koutaliaris,Chiback,7b2d5b56-fb33-42ca-bb1c-ca8c3f246947,Saleaz,0.8275,0.1725,1487.8564265076527,1512.1435734923473,1499.453072694112,1500.546927305888,1508.2944235726986,1493.7368269626897,100.0,69.0,31.0,0.0,100.0,0.31
match_2026-03-12_17-08-44_9d5f41c7387a.json,9d5f41c7387a,1,7b2d5b56-fb33-42ca-bb1c-ca8c3f246947,Saleaz,Lupen,7a3deb71-1a5e-4b42-a2d4-2fe4129134a1,koutaliaris,Vander,7b2d5b56-fb33-42ca-bb1c-ca8c3f246947,Saleaz,0.7675,0.23250000000000004,1499.453072694112,1500.546927305888,1508.0634463941335,1491.9365536058665,1473.159276829012,1489.737813688597,166.0,96.0,7.0,0.0,100.0,0.07
match_2026-03-12_17-10-26_01a1cce1d8a5.json,01a1cce1d8a5,1,7b2d5b56-fb33-42ca-bb1c-ca8c3f246947,Saleaz,Lithra,7a3deb71-1a5e-4b42-a2d4-2fe4129134a1,koutaliaris,Skipler,7a3deb71-1a5e-4b42-a2d4-2fe4129134a1,koutaliaris,0.22999999999999998,0.77,1508.0634463941335,1491.9365536058665,1498.6813084454534,1501.3186915545466,1493.3209235451118,1549.4751264714444,92.0,100.0,0.0,8.0,100.0,0.08
