match_id,round_number,stage,mode,duration_s,won_round,player_id,attack_rate,mobility_rate,defense_rate,hit_rate,miss_rate,dps_dealt,dps_taken,block_rate,dodge_rate,quick_rate,heavy_rate,special_rate,charge_rate,aggression,defense_style,mobility_style,risk_style,cluster,playstyle
843649846259,1,Stage 1,1v1,23.936767578125,0.0,a227ee27-cce6-458c-8465-49ed718d5bd9,0.4,0.5,0.1,1.0,0.0,2.5901575807027384,4.470110663470855,0.0,0.0,0.0,0.2,0.0,0.1,1.3165551532459583,0.045000000000000005,0.5,2.2350553317354276,2,Balanced
843649846259,1,Stage 1,1v1,23.936767578125,1.0,a227ee27-cce6-458c-8465-49ed718d5bd9,0.3809523809523809,0.6190476190476191,0.0,1.0,0.0,4.470110663470855,2.5901575807027384,0.0,0.0,0.0476190476190476,0.2857142857142857,0.0476190476190476,0.0,1.9669196845957515,0.0,0.6190476190476191,1.2950787903513692,2,Balanced
80a08e92c3d0,1,Stage 1,1v1,26.546611785888672,0.0,a227ee27-cce6-458c-8465-49ed718d5bd9,0.75,0.25,0.0,0.8888888888888888,0.1111111111111111,4.143654975151009,0.0,0.0,0.0,0.0,0.6666666666666666,0.0833333333333333,0.0,1.972501463525075,0.0,0.25,0.05555555555555555,4,Aggressive
30f4068d5a70,1,Stage 1,1v1,38.79589080810547,1.0,7b2d5b56-fb33-42ca-bb1c-ca8c3f246947,0.1650485436893204,0.5145631067961165,0.1941747572815534,0.5454545454545454,0.4545454545454545,2.577592572745034,2.26828146401563,0.1111111111111111,0.0,0.0,0.0485436893203883,0.0194174757281553,0.0485436893203883,1.1045404543001265,0.12071197411003237,0.5145631067961165,1.3614134592805422,1,Balanced
30f4068d5a70,1,Stage 1,1v1,38.79589080810547,0.0,7a3deb71-1a5e-4b42-a2d4-2fe4129134a1,0.1775700934579439,0.7757009345794392,0.0373831775700934,0.6428571428571429,0.3571428571428571,2.26828146401563,2.577592572745034,0.0,0.1428571428571428,0.0747663551401869,0.0841121495327102,0.0186915887850467,0.0,1.0256408355029336,0.05253671562082773,0.7757009345794392,1.4673677149439457,2,Balanced
7fd2733995d3,1,Stage 1,1v1,47.85015869140625,1.0,7a3deb71-1a5e-4b42-a2d4-2fe4129134a1,0.15625,0.71875,0.06875,0.5625,0.4375,2.1525529447930234,1.274812909052179,0.0,0.0,0.025,0.1,0.03125,0.0,0.9565185306775581,0.030937500000000003,0.71875,0.8561564545260895,2,Balanced
7fd2733995d3,1,Stage 1,1v1,47.85015869140625,0.0,7b2d5b56-fb33-42ca-bb1c-ca8c3f246947,0.0357142857142857,0.7232142857142857,0.125,1.0,0.0,0.3552757287522465,2.1525529447930234,0.1,0.0,0.0,0.0,0.0,0.0,0.38863221934900055,0.08625,0.7232142857142857,1.0762764723965117,3,Mobile
d948738115b1,1,Stage 1,1v1,38.125732421875,0.0,7b2d5b56-fb33-42ca-bb1c-ca8c3f246947,0.0760233918128654,0.47953216374269,0.2339181286549707,0.7142857142857143,0.2857142857142857,1.442595237027977,3.2523965343903485,0.1666666666666666,0.0,0.0116959064327485,0.0526315789473684,0.0058479532163742,0.0,0.7138891182563667,0.1552631578947368,0.47953216374269,1.769055410052317,1,Balanced
d948738115b1,1,Stage 1,1v1,38.125732421875,1.0,7a3deb71-1a5e-4b42-a2d4-2fe4129134a1,0.0196078431372549,0.931372549019608,0.0294117647058823,1.0,0.0,2.1770073576967657,1.442595237027977,0.0,0.2857142857142857,0.0,0.0,0.0,0.0,1.01979571244877,0.08466386554621846,0.931372549019608,0.7212976185139885,3,Mobile
842909dee042,1,Stage 1,1v1,27.499267578125,0.0,7b2d5b56-fb33-42ca-bb1c-ca8c3f246947,0.1724137931034483,0.4827586206896552,0.1724137931034483,0.2,0.8,0.509104468336337,3.636460488116693,0.0,0.0,0.0344827586206896,0.1034482758620689,0.0172413793103448,0.0,0.29715208115909725,0.07758620689655173,0.4827586206896552,2.2182302440583466,1,Balanced
842909dee042,1,Stage 1,1v1,27.499267578125,1.0,7a3deb71-1a5e-4b42-a2d4-2fe4129134a1,0.1451612903225806,0.7258064516129032,0.1129032258064516,0.8571428571428571,0.1428571428571428,3.636460488116693,0.509104468336337,0.0,0.0,0.0,0.0806451612903225,0.0161290322580645,0.0161290322580645,1.5451114012555889,0.05080645161290322,0.7258064516129032,0.3259808055967399,2,Balanced
163a0db304c9,1,Stage 1,1v1,70.47470092773438,0.0,7b2d5b56-fb33-42ca-bb1c-ca8c3f246947,0.0134529147982062,0.7488789237668162,0.1255605381165919,1.0,0.0,1.1209696381827512,1.433138398183011,0.125,0.0,0.0,0.0,0.0,0.0,0.6477205392832455,0.09400224215246636,0.7488789237668162,0.7165691990915055,3,Mobile
163a0db304c9,1,Stage 1,1v1,70.47470092773438,1.0,7a3deb71-1a5e-4b42-a2d4-2fe4129134a1,0.1261261261261261,0.7477477477477478,0.072072072072072,0.7096774193548387,0.2903225806451613,1.433138398183011,1.1209696381827512,0.1538461538461538,0.0769230769230769,0.027027027027027,0.0585585585585585,0.027027027027027,0.0,0.7294682446532139,0.09781704781704775,0.7477477477477478,0.7056461094139562,2,Balanced
619fe93bb207,1,Stage 1,1v1,40.95880126953125,1.0,7a3deb71-1a5e-4b42-a2d4-2fe4129134a1,0.2264150943396226,0.7452830188679245,0.0094339622641509,0.6470588235294118,0.3529411764705882,2.563551587094621,1.0254206348378485,0.0,0.0,0.1698113207547169,0.0,0.0188679245283018,0.0188679245283018,1.1495737991013193,0.004245283018867905,0.7452830188679245,0.6891809056542184,2,Balanced
619fe93bb207,1,Stage 1,1v1,40.95880126953125,0.0,7b2d5b56-fb33-42ca-bb1c-ca8c3f246947,0.1770833333333333,0.5833333333333334,0.15625,0.3,0.7,1.0254206348378485,2.563551587094621,0.0,0.12,0.0,0.0729166666666666,0.03125,0.03125,0.5047305555265802,0.1003125,0.5833333333333334,1.6317757935473103,1,Balanced
0b06582c9e8e,1,Stage 1,1v1,43.270599365234375,0.0,7b2d5b56-fb33-42ca-bb1c-ca8c3f246947,0.1571428571428571,0.6857142857142857,0.0857142857142857,0.25,0.75,1.3404020478301928,2.865687136740412,0.1,0.0,0.0785714285714285,0.0214285714285714,0.0071428571428571,0.0142857142857142,0.5944978595977103,0.06857142857142856,0.6857142857142857,1.807843568370206,1,Balanced
0b06582c9e8e,1,Stage 1,1v1,43.270599365234375,1.0,7a3deb71-1a5e-4b42-a2d4-2fe4129134a1,0.1854838709677419,0.75,0.032258064516129,0.5555555555555556,0.4444444444444444,2.865687136740412,1.3404020478301928,0.0,0.0,0.0483870967741935,0.0967741935483871,0.0161290322580645,0.0080645161290322,1.2160729351351298,0.01451612903225805,0.75,0.8924232461373186,2,Balanced
2f8ec66762c3,1,Stage 1,1v1,31.134246826171875,0.0,7b2d5b56-fb33-42ca-bb1c-ca8c3f246947,0.1473684210526315,0.5578947368421052,0.1578947368421052,0.4545454545454545,0.5454545454545454,1.4132347651015922,4.368180183041285,0.0,0.125,0.031578947368421,0.0736842105263157,0.0210526315789473,0.0,0.6672158998429735,0.10230263157894734,0.5578947368421052,2.4568173642479154,1,Balanced
2f8ec66762c3,1,Stage 1,1v1,31.134246826171875,1.0,7a3deb71-1a5e-4b42-a2d4-2fe4129134a1,0.1884057971014492,0.782608695652174,0.0289855072463768,0.6363636363636364,0.3636363636363636,4.368180183041285,1.4132347651015922,0.0,0.1666666666666666,0.0579710144927536,0.0434782608695652,0.0289855072463768,0.0,1.7633162919959384,0.05471014492753621,0.782608695652174,0.8884355643689779,2,Balanced
4c71cb927f9d,1,Stage 1,1v1,48.55029296875,1.0,7b2d5b56-fb33-42ca-bb1c-ca8c3f246947,0.1825396825396825,0.5555555555555556,0.1507936507936507,0.4666666666666667,0.5333333333333333,2.409872172662449,1.6477758445555208,0.3333333333333333,0.0833333333333333,0.0396825396825396,0.0714285714285714,0.0238095238095238,0.0238095238095238,1.0331378001143967,0.18869047619047613,0.5555555555555556,1.090554588944427,1,Balanced
4c71cb927f9d,1,Stage 1,1v1,48.55029296875,0.0,7a3deb71-1a5e-4b42-a2d4-2fe4129134a1,0.2288135593220339,0.7457627118644068,0.0254237288135593,0.4761904761904761,0.5238095238095238,1.6477758445555208,2.409872172662449,0.0,0.0,0.0508474576271186,0.1186440677966101,0.0254237288135593,0.0,0.7872945883708649,0.011440677966101685,0.7457627118644068,1.4668408482359863,2,Balanced
a16ac09fd42c,1,Stage 1,1v1,43.74188232421875,0.0,7b2d5b56-fb33-42ca-bb1c-ca8c3f246947,0.1328125,0.734375,0.0703125,0.7619047619047619,0.238095238095238,1.7603266231038963,2.286138471563502,0.1111111111111111,0.0,0.03125,0.078125,0.0234375,0.0,0.8597155085625541,0.06497395833333333,0.734375,1.26211685482937,2,Balanced
a16ac09fd42c,1,Stage 1,1v1,43.74188232421875,1.0,7a3deb71-1a5e-4b42-a2d4-2fe4129134a1,0.2111111111111111,0.7444444444444445,0.0333333333333333,0.6923076923076923,0.3076923076923077,2.286138471563502,1.7603266231038963,0.0,0.0588235294117647,0.0444444444444444,0.0777777777777777,0.0444444444444444,0.0,1.0576698325685931,0.02970588235294116,0.7444444444444445,1.034009465398102,2,Balanced
c4dbe741446d,1,Stage 1,1v1,58.6322021484375,0.0,7a3deb71-1a5e-4b42-a2d4-2fe4129134a1,0.1700680272108843,0.7210884353741497,0.0136054421768707,0.7,0.3,0.7504408565212413,1.739658349208332,0.0,0.05,0.0816326530612244,0.0068027210884353,0.0272108843537414,0.0068027210884353,0.5056815106667881,0.018622448979591817,0.7210884353741497,1.0198291746041659,2,Balanced
c4dbe741446d,1,Stage 1,1v1,58.6322021484375,1.0,7b2d5b56-fb33-42ca-bb1c-ca8c3f246947,0.4814814814814814,0.3909465020576131,0.0658436213991769,0.6333333333333333,0.3666666666666666,1.739658349208332,0.7504408565212413,0.0,0.0,0.4444444444444444,0.0082304526748971,0.0164609053497942,0.0041152263374485,0.959806348148842,0.029629629629629606,0.3909465020576131,0.558553761593954,0,Aggressive
063bf0d84449,1,Stage 1,1v1,57.58380126953125,0.0,7a3deb71-1a5e-4b42-a2d4-2fe4129134a1,0.16,0.7266666666666667,0.06,0.5,0.5,1.40664558806851,1.962357425330144,0.1,0.0,0.04,0.08,0.0266666666666666,0.0,0.6813259558239785,0.056999999999999995,0.7266666666666667,1.231178712665072,1,Balanced
063bf0d84449,1,Stage 1,1v1,57.58380126953125,1.0,7b2d5b56-fb33-42ca-bb1c-ca8c3f246947,0.1116751269035533,0.6243654822335025,0.1472081218274111,0.5625,0.4375,1.962357425330144,1.40664558806851,0.2727272727272727,0.0909090909090909,0.0203045685279187,0.0406091370558375,0.0253807106598984,0.0101522842639593,0.8721201496269716,0.17078910936778954,0.6243654822335025,0.922072794034255,1,Balanced
4cad324b49be,1,Stage 1,1v1,51.98443603515625,0.0,7b2d5b56-fb33-42ca-bb1c-ca8c3f246947,0.6185567010309279,0.3092783505154639,0.0360824742268041,0.5833333333333334,0.4166666666666667,1.3850299337922516,2.1160179544048288,0.0,0.0,0.5618556701030928,0.0103092783505154,0.0154639175257731,0.0154639175257731,0.8780164905729925,0.016237113402061847,0.3092783505154639,1.2663423105357476,0,Aggressive
4cad324b49be,1,Stage 1,1v1,51.98443603515625,1.0,7a3deb71-1a5e-4b42-a2d4-2fe4129134a1,0.1982758620689655,0.603448275862069,0.0517241379310344,0.5714285714285714,0.4285714285714285,2.1160179544048288,1.3850299337922516,0.0666666666666666,0.0,0.0775862068965517,0.0775862068965517,0.0258620689655172,0.0,0.9627737717264191,0.04327586206896546,0.603448275862069,0.9068006811818401,2,Balanced
7711ccb79ba6,1,Stage 1,1v1,27.694091796875,0.0,7b2d5b56-fb33-42ca-bb1c-ca8c3f246947,0.2166666666666666,0.6166666666666667,0.1166666666666666,0.2,0.8,0.50552298673249,3.646987261427249,0.0,0.0,0.0,0.1166666666666666,0.05,0.0166666666666666,0.3135997120230381,0.05249999999999997,0.6166666666666667,2.2234936307136244,1,Balanced
7711ccb79ba6,1,Stage 1,1v1,27.694091796875,1.0,7a3deb71-1a5e-4b42-a2d4-2fe4129134a1,0.2028985507246377,0.7681159420289855,0.0289855072463768,0.75,0.25,3.646987261427249,0.50552298673249,0.0,0.0,0.072463768115942,0.1014492753623188,0.0144927536231884,0.0,1.5451049617893922,0.013043478260869561,0.7681159420289855,0.377761493366245,2,Balanced
244f3d8a7c2d,1,Stage 1,1v1,54.59222412109375,0.0,7b2d5b56-fb33-42ca-bb1c-ca8c3f246947,0.1173184357541899,0.6368715083798883,0.1173184357541899,0.375,0.625,1.5386806702301663,1.8317627026549603,0.0,0.1764705882352941,0.0,0.0726256983240223,0.0223463687150838,0.0055865921787709,0.6792156088822341,0.09691094314820899,0.6368715083798883,1.2283813513274802,1,Balanced
244f3d8a7c2d,1,Stage 1,1v1,54.59222412109375,1.0,7a3deb71-1a5e-4b42-a2d4-2fe4129134a1,0.1849710982658959,0.7687861271676301,0.0231213872832369,0.6363636363636364,0.3636363636363636,1.8317627026549603,1.5386806702301663,0.0,0.0,0.1098265895953757,0.0404624277456647,0.0231213872832369,0.0,0.8741962943265035,0.010404624277456606,0.7687861271676301,0.9511585169332649,2,Balanced
e81350bdfe17,1,Stage 1,1v1,48.08514404296875,0.0,7a3deb71-1a5e-4b42-a2d4-2fe4129134a1,0.1119402985074626,0.8134328358208955,0.044776119402985,0.3636363636363636,0.6363636363636364,0.582300428901269,2.1004408328224344,0.0303030303030303,0.0606060606060606,0.0597014925373134,0.0074626865671641,0.0298507462686567,0.0074626865671641,0.33949036042752007,0.044391677973767495,0.8134328358208955,1.3684022345930353,1,Balanced
e81350bdfe17,1,Stage 1,1v1,48.08514404296875,1.0,7b2d5b56-fb33-42ca-bb1c-ca8c3f246947,0.1941747572815534,0.7087378640776699,0.058252427184466,0.7894736842105263,0.2105263157894736,2.1004408328224344,0.582300428901269,0.0,0.0,0.0388349514563106,0.087378640776699,0.029126213592233,0.0097087378640776,1.010192615453105,0.0262135922330097,0.7087378640776699,0.3964133723453713,2,Balanced
60c08045cc9a,1,Stage 1,1v1,35.08612060546875,0.0,7b2d5b56-fb33-42ca-bb1c-ca8c3f246947,0.4881889763779528,0.2992125984251969,0.1023622047244094,0.4507042253521127,0.5492957746478874,2.5366155751664343,3.4771584288798314,0.125,0.0,0.4803149606299212,0.0,0.0078740157480314,0.0,1.1957670981974613,0.08356299212598423,0.2992125984251969,2.013227101763859,0,Aggressive
60c08045cc9a,1,Stage 1,1v1,35.08612060546875,1.0,7a3deb71-1a5e-4b42-a2d4-2fe4129134a1,0.2151898734177215,0.7721518987341772,0.0126582278481012,0.5384615384615384,0.4615384615384615,3.4771584288798314,2.5366155751664343,0.0,0.0303030303030303,0.1012658227848101,0.0,0.0379746835443038,0.0379746835443038,1.437696784090414,0.013271960107403115,0.7721518987341772,1.499077018352448,2,Balanced
45bca3ad2ef9,1,Stage 1,1v1,93.040771484375,,7b2d5b56-fb33-42ca-bb1c-ca8c3f246947,0.1232227488151658,0.6303317535545023,0.1658767772511848,0.4,0.6,1.160781432451226,1.0103097652816226,0.0714285714285714,0.2857142857142857,0.0,0.0853080568720379,0.0284360189573459,0.0,0.5555626008839953,0.167501692620176,0.6303317535545023,0.8051548826408113,1,Balanced
45bca3ad2ef9,1,Stage 1,1v1,93.040771484375,,7a3deb71-1a5e-4b42-a2d4-2fe4129134a1,0.1637426900584795,0.8128654970760234,0.023391812865497,0.5294117647058824,0.4705882352941176,1.0103097652816226,1.160781432451226,0.0,0.0,0.1052631578947368,0.0058479532163742,0.0409356725146198,0.0058479532163742,0.5514584350484303,0.01052631578947365,0.8128654970760234,0.8156848338726718,2,Balanced
e548679433be,1,Stage 1,1v1,31.8837890625,0.0,7a3deb71-1a5e-4b42-a2d4-2fe4129134a1,0.1971830985915492,0.7887323943661971,0.0140845070422535,0.7857142857142857,0.2142857142857142,2.791387178780361,3.167753989402432,0.0,0.0,0.0704225352112676,0.056338028169014,0.028169014084507,0.0140845070422535,1.2522873234383174,0.006338028169014075,0.7887323943661971,1.6910198518440729,2,Balanced
e548679433be,1,Stage 1,1v1,31.8837890625,1.0,7b2d5b56-fb33-42ca-bb1c-ca8c3f246947,0.2093023255813953,0.5697674418604651,0.0930232558139534,0.6,0.4,3.167753989402432,2.791387178780361,0.0666666666666666,0.2,0.0348837209302325,0.0930232558139534,0.0232558139534883,0.0232558139534883,1.3424348265234092,0.11186046511627902,0.5697674418604651,1.5956935893901805,2,Balanced
612265c51e50,1,Stage 1,1v1,118.588134765625,,7b2d5b56-fb33-42ca-bb1c-ca8c3f246947,0.5061728395061729,0.3580246913580246,0.0493827160493827,0.7777777777777778,0.2222222222222222,0.2361113112651496,0.2951391390814371,0.0,0.0,0.0864197530864197,0.0,0.0493827160493827,0.0,0.47955253918971597,0.022222222222222216,0.3580246913580246,0.25868068065182964,2,Balanced
612265c51e50,1,Stage 1,1v1,118.588134765625,,7a3deb71-1a5e-4b42-a2d4-2fe4129134a1,0.3243243243243243,0.6756756756756757,0.0,0.7142857142857143,0.2857142857142857,0.2951391390814371,0.2361113112651496,0.0,0.0,0.2162162162162162,0.054054054054054,0.054054054054054,0.0,0.4115998569796613,0.0,0.6756756756756757,0.26091279848971766,2,Balanced
451d68927cbd,1,Stage 1,1v1,35.49005126953125,1.0,7a3deb71-1a5e-4b42-a2d4-2fe4129134a1,0.1521739130434782,0.7934782608695652,0.0434782608695652,0.6428571428571429,0.3571428571428571,2.874044875995109,0.7889534953712064,0.0,0.0,0.0326086956521739,0.0760869565217391,0.0326086956521739,0.0,1.227499557529965,0.019565217391304342,0.7934782608695652,0.5730481762570317,2,Balanced
451d68927cbd,1,Stage 1,1v1,35.49005126953125,0.0,7b2d5b56-fb33-42ca-bb1c-ca8c3f246947,0.131578947368421,0.5350877192982456,0.1842105263157894,0.2857142857142857,0.7142857142857143,0.7889534953712064,2.874044875995109,0.0,0.0,0.0,0.0614035087719298,0.0263157894736842,0.0175438596491228,0.400193873755862,0.08289473684210523,0.5350877192982456,1.7941652951404117,1,Balanced
1af542b7276a,1,Stage 1,1v1,39.31808471679688,1.0,7b2d5b56-fb33-42ca-bb1c-ca8c3f246947,0.3816793893129771,0.2900763358778626,0.1679389312977099,0.5892857142857143,0.4107142857142857,2.619659648782381,2.0601206946735227,0.0,0.0625,0.366412213740458,0.0076335877862595,0.0076335877862595,0.0,1.2168740613704527,0.09119751908396946,0.2900763358778626,1.2354174901939041,0,Aggressive
1af542b7276a,1,Stage 1,1v1,39.31808471679688,0.0,7a3deb71-1a5e-4b42-a2d4-2fe4129134a1,0.0422535211267605,0.9295774647887324,0.0140845070422535,1.0,0.0,1.7549176287959638,2.619659648782381,0.0277777777777777,0.0555555555555555,0.0,0.0,0.0,0.0,0.8811225785292915,0.028560250391236258,0.9295774647887324,1.3098298243911906,3,Mobile
0aa8d721947e,1,Stage 1,1v1,48.01448059082031,0.0,7b2d5b56-fb33-42ca-bb1c-ca8c3f246947,0.1363636363636363,0.5454545454545454,0.1753246753246753,0.2857142857142857,0.7142857142857143,1.1663148140085555,2.1035320752654307,0.2,0.0,0.0,0.0844155844155844,0.0259740259740259,0.0064935064935064,0.5341842108770204,0.13889610389610388,0.5454545454545454,1.4089088947755726,1,Balanced
0aa8d721947e,1,Stage 1,1v1,48.01448059082031,1.0,7a3deb71-1a5e-4b42-a2d4-2fe4129134a1,0.2203389830508474,0.7627118644067796,0.0169491525423728,0.4444444444444444,0.5555555555555556,2.1035320752654307,1.1663148140085555,0.0,0.0,0.059322033898305,0.0762711864406779,0.0338983050847457,0.0084745762711864,0.9354829306743508,0.0076271186440677605,0.7627118644067796,0.8609351847820556,2,Balanced
40fc06b7651a,1,Stage 1,1v1,24.83467102050781,1.0,7b2d5b56-fb33-42ca-bb1c-ca8c3f246947,0.4625,0.4,0.05,0.6888888888888889,0.3111111111111111,3.422634426274834,1.852249218925204,0.0,0.0,0.45,0.0,0.0125,0.0,1.5551442714184143,0.022500000000000003,0.4,1.0816801650181576,0,Aggressive
40fc06b7651a,1,Stage 1,1v1,24.83467102050781,0.0,7a3deb71-1a5e-4b42-a2d4-2fe4129134a1,0.217391304347826,0.782608695652174,0.0,0.7142857142857143,0.2857142857142857,1.852249218925204,4.0668950241618615,0.0,0.0,0.108695652173913,0.0434782608695652,0.0217391304347826,0.0217391304347826,0.9138151769343803,0.0,0.782608695652174,2.1763046549380736,2,Balanced
ee5b521a633f,1,Stage 1,1v1,54.50559997558594,1.0,7b2d5b56-fb33-42ca-bb1c-ca8c3f246947,0.2619047619047619,0.5119047619047619,0.1130952380952381,0.5263157894736842,0.4736842105263157,1.9814477787305376,1.4493923566640043,0.0909090909090909,0.0,0.0238095238095238,0.1488095238095238,0.0357142857142857,0.0119047619047619,0.929847574686014,0.07816558441558441,0.5119047619047619,0.96153828359516,1,Balanced
ee5b521a633f,1,Stage 1,1v1,54.50559997558594,0.0,7a3deb71-1a5e-4b42-a2d4-2fe4129134a1,0.1646341463414634,0.7621951219512195,0.048780487804878,0.4347826086956521,0.5652173913043478,1.4493923566640043,1.9814477787305376,0.0909090909090909,0.0,0.0609756097560975,0.0670731707317073,0.0182926829268292,0.0060975609756097,0.6818366355428997,0.04922394678492237,0.7621951219512195,1.2733325850174426,1,Balanced
21ea7daad1b9,1,Stage 1,1v1,53.28439331054688,0.0,7b2d5b56-fb33-42ca-bb1c-ca8c3f246947,0.3838383838383838,0.4696969696969697,0.0656565656565656,0.2807017543859649,0.7192982456140351,1.1260332767666863,2.120696004577259,0.0909090909090909,0.0,0.2878787878787879,0.0505050505050505,0.0151515151515151,0.0151515151515151,0.617822439000185,0.05681818181818178,0.4696969696969697,1.4199971250956471,0,Aggressive
21ea7daad1b9,1,Stage 1,1v1,53.28439331054688,1.0,7a3deb71-1a5e-4b42-a2d4-2fe4129134a1,0.2068965517241379,0.7448275862068966,0.0275862068965517,0.5,0.5,2.120696004577259,1.1260332767666863,0.2727272727272727,0.0,0.0620689655172413,0.0413793103448275,0.0275862068965517,0.0275862068965517,0.9500022222916957,0.09423197492163007,0.7448275862068966,0.8130166383833431,2,Balanced
a9ceba08a322,1,Stage 1,1v1,35.79705810546875,0.0,7b2d5b56-fb33-42ca-bb1c-ca8c3f246947,0.2391304347826087,0.532608695652174,0.1521739130434782,0.3333333333333333,0.6666666666666666,1.9554679547620712,3.072878214626112,0.0833333333333333,0.0833333333333333,0.0,0.1630434782608695,0.0434782608695652,0.0108695652173913,0.8633992914131018,0.1143115942028985,0.532608695652174,1.8697724406463894,1,Balanced
a9ceba08a322,1,Stage 1,1v1,35.79705810546875,1.0,7a3deb71-1a5e-4b42-a2d4-2fe4129134a1,0.2236842105263158,0.7631578947368421,0.0131578947368421,0.6875,0.3125,3.072878214626112,1.9554679547620712,0.0,0.0,0.0394736842105263,0.131578947368421,0.0394736842105263,0.0,1.3368560593296657,0.005921052631578945,0.7631578947368421,1.1339839773810356,2,Balanced
e9808cfa0926,1,Stage 1,1v1,26.618560791015625,1.0,7b2d5b56-fb33-42ca-bb1c-ca8c3f246947,0.2708333333333333,0.6458333333333334,0.0416666666666666,0.8888888888888888,0.1111111111111111,3.9070481990559904,1.9910918706727645,0.0,0.0,0.0833333333333333,0.0208333333333333,0.0416666666666666,0.0625,1.6980224252251523,0.01874999999999997,0.6458333333333334,1.0511014908919378,2,Balanced
e9808cfa0926,1,Stage 1,1v1,26.618560791015625,0.0,7a3deb71-1a5e-4b42-a2d4-2fe4129134a1,0.396551724137931,0.5172413793103449,0.0517241379310344,0.5882352941176471,0.4117647058823529,1.9910918706727645,3.9070481990559904,0.0,0.1111111111111111,0.3103448275862069,0.0172413793103448,0.0172413793103448,0.0172413793103448,1.0025616679200517,0.05105363984674326,0.5172413793103449,2.1594064524691716,0,Aggressive
98a1c92d3291,1,Stage 1,1v1,61.438568115234375,0.0,7b2d5b56-fb33-42ca-bb1c-ca8c3f246947,0.1233766233766233,0.8441558441558441,0.0194805194805194,0.7575757575757576,0.2424242424242424,1.5950892575522089,1.8229591514882384,0.0,0.0,0.0194805194805194,0.0454545454545454,0.0259740259740259,0.0129870129870129,0.7970258288878618,0.008766233766233731,0.8441558441558441,1.0326916969562403,2,Balanced
98a1c92d3291,1,Stage 1,1v1,61.438568115234375,1.0,7a3deb71-1a5e-4b42-a2d4-2fe4129134a1,0.2129032258064516,0.7354838709677419,0.032258064516129,0.625,0.375,1.8229591514882384,1.5950892575522089,0.0,0.0384615384615384,0.0903225806451612,0.064516129032258,0.0258064516129032,0.0129032258064516,0.8794469933434641,0.024131513647642648,0.7354838709677419,0.9850446287761044,2,Balanced
0342f37ed132,1,Stage 1,1v1,36.974365234375,0.0,7b2d5b56-fb33-42ca-bb1c-ca8c3f246947,0.2058823529411764,0.6176470588235294,0.0980392156862745,0.2,0.8,0.91955601629613,3.0020799355550127,0.0,0.0,0.0588235294117647,0.0980392156862745,0.0098039215686274,0.0098039215686274,0.45419754688011604,0.044117647058823525,0.6176470588235294,1.9010399677775065,1,Balanced
0342f37ed132,1,Stage 1,1v1,36.974365234375,1.0,7a3deb71-1a5e-4b42-a2d4-2fe4129134a1,0.1688311688311688,0.7922077922077922,0.0259740259740259,0.6923076923076923,0.3076923076923077,3.0020799355550127,0.91955601629613,0.0,0.0,0.0649350649350649,0.0389610389610389,0.0389610389610389,0.0,1.291337368053645,0.011688311688311656,0.7922077922077922,0.6136241619942189,2,Balanced
9059c3298d35,1,Stage 1,1v1,58.72216796875,0.0,7b2d5b56-fb33-42ca-bb1c-ca8c3f246947,0.1632653061224489,0.7551020408163265,0.0476190476190476,0.4166666666666667,0.5833333333333334,1.685905058081039,1.9072865303543067,0.0,0.0416666666666666,0.0476190476190476,0.0408163265306122,0.0204081632653061,0.0204081632653061,0.7595395594440099,0.03184523809523807,0.7551020408163265,1.24530993184382,2,Balanced
9059c3298d35,1,Stage 1,1v1,58.72216796875,1.0,7a3deb71-1a5e-4b42-a2d4-2fe4129134a1,0.1483870967741935,0.8129032258064516,0.0193548387096774,0.7666666666666667,0.2333333333333333,1.9072865303543067,1.685905058081039,0.2,0.0,0.0387096774193548,0.0709677419354838,0.0258064516129032,0.0064516129032258,0.9185717910003514,0.06870967741935483,0.8129032258064516,0.9596191957071862,2,Balanced
0bc620140520,1,Stage 1,1v1,43.2763671875,0.0,7b2d5b56-fb33-42ca-bb1c-ca8c3f246947,0.2560975609756097,0.6341463414634146,0.073170731707317,0.375,0.625,0.7856482003836173,2.356944601150852,0.1,0.0,0.048780487804878,0.048780487804878,0.024390243902439,0.024390243902439,0.4711658945245099,0.06292682926829266,0.6341463414634146,1.490972300575426,1,Balanced
0bc620140520,1,Stage 1,1v1,43.2763671875,1.0,7a3deb71-1a5e-4b42-a2d4-2fe4129134a1,0.1578947368421052,0.8333333333333334,0.0087719298245614,0.7692307692307693,0.2307692307692307,2.356944601150852,0.7856482003836173,0.0,0.25,0.0701754385964912,0.0614035087719298,0.0175438596491228,0.0,1.0803961974473326,0.06644736842105263,0.8333333333333334,0.508208715576424,2,Balanced
7597a09bcc3b,1,Stage 1,1v1,38.520263671875,0.0,7b2d5b56-fb33-42ca-bb1c-ca8c3f246947,0.1794871794871795,0.5384615384615384,0.1538461538461538,0.4,0.6,2.0768289823107,2.959481299792748,0.2,0.0,0.0256410256410256,0.0854700854700854,0.0256410256410256,0.017094017094017,0.8986850156036166,0.1292307692307692,0.5384615384615384,1.7797406498963741,1,Balanced
7597a09bcc3b,1,Stage 1,1v1,38.520263671875,1.0,7a3deb71-1a5e-4b42-a2d4-2fe4129134a1,0.2083333333333333,0.7708333333333334,0.0104166666666666,0.625,0.375,2.959481299792748,2.0768289823107,0.125,0.125,0.0416666666666666,0.1145833333333333,0.03125,0.0,1.275401788260795,0.07343749999999996,0.7708333333333334,1.22591449115535,2,Balanced
44c524701a70,1,Stage 1,1v1,40.13970947265625,1.0,7b2d5b56-fb33-42ca-bb1c-ca8c3f246947,0.3962264150943396,0.5031446540880503,0.0440251572327044,0.4,0.6,2.491298549834334,2.291994665847588,0.0,0.0,0.3710691823899371,0.0062893081761006,0.0125786163522012,0.0,1.1304450584797527,0.01981132075471698,0.5031446540880503,1.445997332923794,0,Aggressive
44c524701a70,1,Stage 1,1v1,40.13970947265625,0.0,7a3deb71-1a5e-4b42-a2d4-2fe4129134a1,0.1886792452830188,0.7264150943396226,0.0471698113207547,0.5833333333333334,0.4166666666666667,2.291994665847588,2.491298549834334,0.0,0.0,0.0377358490566037,0.0754716981132075,0.0283018867924528,0.0188679245283018,1.0235031644931967,0.021226415094339614,0.7264150943396226,1.4539826082505003,2,Balanced
37b7d80d6de1,1,Stage 1,1v1,65.41607666015625,1.0,7b2d5b56-fb33-42ca-bb1c-ca8c3f246947,0.0195121951219512,0.7463414634146341,0.1268292682926829,1.0,0.0,1.375808587047492,1.3299483008125756,0.3,0.1,0.0,0.0,0.0,0.0,0.7393378835154027,0.1720731707317073,0.7463414634146341,0.6649741504062878,3,Mobile
37b7d80d6de1,1,Stage 1,1v1,65.41607666015625,0.0,7a3deb71-1a5e-4b42-a2d4-2fe4129134a1,0.116591928251121,0.7040358744394619,0.0941704035874439,0.4666666666666667,0.5333333333333333,1.3299483008125756,1.6509703044569906,0.2,0.04,0.0672645739910313,0.0134529147982062,0.0269058295964125,0.0044843049327354,0.6287853432515165,0.11237668161434976,0.7040358744394619,1.092151818895162,1,Balanced
e1c24831b1c6,1,Stage 1,1v1,51.3677978515625,0.0,7b2d5b56-fb33-42ca-bb1c-ca8c3f246947,0.2023121387283237,0.6127167630057804,0.1040462427745664,0.2857142857142857,0.7142857142857143,1.0512422618552535,2.141419422297739,0.1666666666666666,0.0,0.0231213872832369,0.0924855491329479,0.0231213872832369,0.0173410404624277,0.5202882185692396,0.09682080924855485,0.6127167630057804,1.4278525682917267,1,Balanced
e1c24831b1c6,1,Stage 1,1v1,51.3677978515625,1.0,7a3deb71-1a5e-4b42-a2d4-2fe4129134a1,0.1136363636363636,0.7670454545454546,0.0625,0.6666666666666666,0.3333333333333333,2.141419422297739,1.0512422618552535,0.1666666666666666,0.0,0.0795454545454545,0.0,0.0227272727272727,0.0056818181818181,0.9616180099254207,0.07812499999999999,0.7670454545454546,0.6922877975942934,2,Balanced
368e8e42dc8c,1,Stage 1,1v1,67.18353271484375,1.0,7a3deb71-1a5e-4b42-a2d4-2fe4129134a1,0.1353711790393013,0.6506550218340611,0.1091703056768559,0.4347826086956521,0.5652173913043478,1.6521905817476503,1.3991523845430551,0.125,0.0625,0.0349344978165938,0.074235807860262,0.0262008733624454,0.0,0.7411108274013112,0.10225163755458516,0.6506550218340611,0.9821848879237014,1,Balanced
368e8e42dc8c,1,Stage 1,1v1,67.18353271484375,0.0,7b2d5b56-fb33-42ca-bb1c-ca8c3f246947,0.0276243093922651,0.8066298342541437,0.0939226519337016,1.0,0.0,1.3396139852007976,1.6521905817476503,0.1666666666666666,0.0,0.0,0.0,0.0,0.0,0.7299146185771852,0.0922651933701657,0.8066298342541437,0.8260952908738252,3,Mobile
098b9c5eac3b,1,Stage 1,1v1,44.56903076171875,0.0,7b2d5b56-fb33-42ca-bb1c-ca8c3f246947,0.1194968553459119,0.5345911949685535,0.1823899371069182,0.4545454545454545,0.5454545454545454,0.6058018210975064,2.4232072843900254,0.0,0.0,0.050314465408805,0.0377358490566037,0.0188679245283018,0.0,0.3734657431588556,0.08207547169811319,0.5345911949685535,1.4843309149222854,1,Balanced
098b9c5eac3b,1,Stage 1,1v1,44.56903076171875,1.0,7a3deb71-1a5e-4b42-a2d4-2fe4129134a1,0.15,0.7285714285714285,0.0642857142857142,0.7142857142857143,0.2857142857142857,2.4232072843900254,0.6058018210975064,0.0,0.0,0.05,0.0285714285714285,0.0357142857142857,0.0142857142857142,1.0866939781079374,0.02892857142857139,0.7285714285714285,0.445758053405896,2,Balanced
01a19c08eea7,1,Stage 1,1v1,44.1317138671875,1.0,7b2d5b56-fb33-42ca-bb1c-ca8c3f246947,0.4294117647058823,0.5294117647058824,0.0294117647058823,0.7272727272727273,0.2727272727272727,2.265944175677059,1.2236098548656118,0.0,0.2,0.3529411764705882,0.0352941176470588,0.0235294117647058,0.0058823529411764,1.1466633491875053,0.06323529411764704,0.5294117647058824,0.7481685637964423,0,Aggressive
01a19c08eea7,1,Stage 1,1v1,44.1317138671875,0.0,7a3deb71-1a5e-4b42-a2d4-2fe4129134a1,0.1592920353982301,0.5663716814159292,0.0884955752212389,0.4444444444444444,0.5555555555555556,1.2236098548656118,2.265944175677059,0.0,0.0,0.0353982300884955,0.0442477876106194,0.0176991150442477,0.0,0.6030913744733672,0.0398230088495575,0.5663716814159292,1.410749865616307,1,Balanced
301cb29d6bb0,1,Stage 1,1v1,88.315673828125,1.0,7b2d5b56-fb33-42ca-bb1c-ca8c3f246947,0.138996138996139,0.7104247104247104,0.0849420849420849,0.2413793103448276,0.7586206896551724,0.7133501593681667,1.415377300333664,0.0,0.1666666666666666,0.0347490347490347,0.054054054054054,0.0193050193050193,0.0,0.36561583896352084,0.07989060489060486,0.7104247104247104,1.0869989949944183,1,Balanced
301cb29d6bb0,1,Stage 1,1v1,88.315673828125,0.0,7a3deb71-1a5e-4b42-a2d4-2fe4129134a1,0.198501872659176,0.7378277153558053,0.0411985018726591,0.3703703703703703,0.6296296296296297,1.415377300333664,1.1323018402669314,0.0,0.1818181818181818,0.0749063670411985,0.0936329588014981,0.0149812734082397,0.0037453183520599,0.6673753967730454,0.06399387129724204,0.7378277153558053,0.8809657349482805,1,Balanced
90b1a71cdd3d,1,Stage 1,1v1,44.470947265625,1.0,7b2d5b56-fb33-42ca-bb1c-ca8c3f246947,0.3333333333333333,0.3916666666666666,0.1416666666666666,0.7142857142857143,0.2857142857142857,2.271145685220666,2.046279775792877,0.0769230769230769,0.2307692307692307,0.3166666666666666,0.0083333333333333,0.0083333333333333,0.0,1.106805751731995,0.1445192307692307,0.3916666666666666,1.1659970307535812,0,Aggressive
90b1a71cdd3d,1,Stage 1,1v1,44.470947265625,0.0,7a3deb71-1a5e-4b42-a2d4-2fe4129134a1,0.0952380952380952,0.8253968253968254,0.0476190476190476,1.0,0.0,1.7764406844795309,2.271145685220666,0.0,0.0,0.0,0.0,0.0,0.0,0.9098494776630738,0.021428571428571422,0.8253968253968254,1.135572842610333,3,Mobile
eb942666a3be,1,Stage 1,1v1,25.8702392578125,1.0,7b2d5b56-fb33-42ca-bb1c-ca8c3f246947,0.0517241379310344,0.8448275862068966,0.0689655172413793,0.0,0.0,0.0,3.4402464976477973,0.0857142857142857,0.0,0.0,0.0,0.0,0.0,0.02068965517241376,0.05674876847290639,0.8448275862068966,1.7201232488238987,3,Mobile
eb942666a3be,1,Stage 1,1v1,25.8702392578125,0.0,7a3deb71-1a5e-4b42-a2d4-2fe4129134a1,0.4794520547945205,0.4383561643835616,0.0410958904109589,0.7272727272727273,0.2727272727272727,3.4402464976477973,3.865445502975053,0.0909090909090909,0.0,0.4383561643835616,0.0,0.0136986301369863,0.0136986301369863,1.577685277912719,0.045765877957658775,0.4383561643835616,2.0690863878511627,0,Aggressive
0bda3a5cd800,1,Stage 1,1v1,33.1260986328125,0.0,7b2d5b56-fb33-42ca-bb1c-ca8c3f246947,0.6438356164383562,0.2876712328767123,0.0342465753424657,0.2289156626506024,0.7710843373493976,2.294263530469582,3.139518515379428,0.0,0.0,0.6301369863013698,0.0068493150684931,0.0068493150684931,0.0,1.1177553979023467,0.015410958904109567,0.2876712328767123,1.9553014263644126,0,Aggressive
0bda3a5cd800,1,Stage 1,1v1,33.1260986328125,1.0,7a3deb71-1a5e-4b42-a2d4-2fe4129134a1,0.2133333333333333,0.5866666666666667,0.1466666666666666,0.75,0.25,3.139518515379428,2.294263530469582,0.1666666666666666,0.0416666666666666,0.0,0.0666666666666666,0.04,0.04,1.371664813716133,0.12641666666666662,0.5866666666666667,1.272131765234791,2,Balanced
6688e3984718,1,Stage 1,1v1,72.57861328125,1.0,7b2d5b56-fb33-42ca-bb1c-ca8c3f246947,0.1422018348623853,0.6559633027522935,0.1146788990825688,0.4,0.6,1.350260022470247,1.6671577828459174,0.2727272727272727,0.0,0.0321100917431192,0.0596330275229357,0.018348623853211,0.0,0.6294717418095405,0.13342368640533775,0.6559633027522935,1.1335788914229588,1,Balanced
6688e3984718,1,Stage 1,1v1,72.57861328125,0.0,7a3deb71-1a5e-4b42-a2d4-2fe4129134a1,0.25,0.686046511627907,0.0406976744186046,0.4444444444444444,0.5555555555555556,1.6671577828459174,1.39159451295403,0.0,0.0833333333333333,0.0988372093023255,0.0872093023255814,0.0232558139534883,0.0116279069767441,0.7946163351071822,0.039147286821705395,0.686046511627907,0.9735750342547927,2,Balanced
6cceb7a37bc7,1,Stage 1,1v1,29.910888671875,1.0,7a3deb71-1a5e-4b42-a2d4-2fe4129134a1,0.2093023255813953,0.6744186046511628,0.0348837209302325,0.9166666666666666,0.0833333333333333,3.4101293719136434,1.0364118679345389,0.2,0.0,0.0465116279069767,0.0813953488372093,0.0465116279069767,0.0116279069767441,1.5064328770689999,0.07569767441860462,0.6744186046511628,0.5598726006339361,2,Balanced
6cceb7a37bc7,1,Stage 1,1v1,29.910888671875,0.0,7b2d5b56-fb33-42ca-bb1c-ca8c3f246947,0.3626373626373626,0.5934065934065934,0.0329670329670329,0.3076923076923077,0.6923076923076923,1.0364118679345389,3.4101293719136434,0.0,0.0,0.2087912087912088,0.0879120879120879,0.0219780219780219,0.0109890109890109,0.5847221757551107,0.014835164835164805,0.5934065934065934,2.051218532110668,1,Balanced
894d3ab03eef,1,Stage 1,1v1,64.9591064453125,0.0,7a3deb71-1a5e-4b42-a2d4-2fe4129134a1,0.1616766467065868,0.718562874251497,0.0658682634730539,0.4615384615384615,0.5384615384615384,0.7851093217074294,1.647190145543038,0.1538461538461538,0.0769230769230769,0.0958083832335329,0.0359281437125748,0.029940119760479,0.0,0.45484353666485033,0.0950253339474896,0.718562874251497,1.0928258420022883,1,Balanced
894d3ab03eef,1,Stage 1,1v1,64.9591064453125,1.0,7b2d5b56-fb33-42ca-bb1c-ca8c3f246947,0.1355140186915887,0.5794392523364486,0.1542056074766355,0.4347826086956521,0.5652173913043478,1.647190145543038,0.7851093217074294,0.2857142857142857,0.0,0.0186915887850467,0.0700934579439252,0.0327102803738317,0.0046728971962616,0.7394178105906117,0.15510680907877167,0.5794392523364486,0.6751633565058885,1,Balanced
2904a5f15da5,1,Stage 1,1v1,41.707763671875,1.0,7a3deb71-1a5e-4b42-a2d4-2fe4129134a1,0.1711711711711711,0.7657657657657657,0.036036036036036,0.8157894736842105,0.1842105263157894,2.8531858225773408,1.7262973044165424,0.0,0.0,0.036036036036036,0.0990990990990991,0.027027027027027,0.0,1.2710308747915904,0.0162162162162162,0.7657657657657657,0.9552539153661659,2,Balanced
2904a5f15da5,1,Stage 1,1v1,41.707763671875,0.0,7b2d5b56-fb33-42ca-bb1c-ca8c3f246947,0.2115384615384615,0.625,0.0961538461538461,0.25,0.75,0.9111013551087308,2.8531858225773408,0.03125,0.03125,0.0288461538461538,0.0961538461538461,0.0288461538461538,0.0,0.46600085890344034,0.06045673076923075,0.625,1.8015929112886704,1,Balanced
88315a652499,1,Stage 1,1v1,30.3857421875,0.0,7a3deb71-1a5e-4b42-a2d4-2fe4129134a1,0.25,0.7058823529411765,0.0147058823529411,0.7272727272727273,0.2727272727272727,2.270801864052708,3.2910171942792865,0.125,0.0,0.1323529411764706,0.0735294117647058,0.0294117647058823,0.0,1.0765988342366295,0.0441176470588235,0.7058823529411765,1.7818722335032797,2,Balanced
88315a652499,1,Stage 1,1v1,30.3857421875,1.0,7b2d5b56-fb33-42ca-bb1c-ca8c3f246947,0.2025316455696202,0.5189873417721519,0.1265822784810126,0.5714285714285714,0.4285714285714285,3.2910171942792865,2.270801864052708,0.1111111111111111,0.0,0.0253164556962025,0.1139240506329113,0.0253164556962025,0.0126582278481012,1.375725819082741,0.090295358649789,0.5189873417721519,1.3496866463120682,1,Balanced
9d5f41c7387a,1,Stage 1,1v1,96.1678466796875,1.0,7b2d5b56-fb33-42ca-bb1c-ca8c3f246947,0.1611842105263158,0.5986842105263158,0.1348684210526315,0.4333333333333333,0.5666666666666667,1.7261486633147458,0.9982546486639494,0.4444444444444444,0.1111111111111111,0.0526315789473684,0.0493421052631578,0.0263157894736842,0.0131578947368421,0.7769590497040206,0.22180190058479526,0.5986842105263158,0.782460657665308,1,Balanced
9d5f41c7387a,1,Stage 1,1v1,96.1678466796875,0.0,7a3deb71-1a5e-4b42-a2d4-2fe4129134a1,0.1458333333333333,0.7152777777777778,0.0694444444444444,0.4642857142857143,0.5357142857142857,0.9982546486639494,1.7261486633147458,0.0,0.0,0.03125,0.0868055555555555,0.0208333333333333,0.0,0.5237938889371442,0.031249999999999983,0.7152777777777778,1.1309314745145158,1,Balanced
01a1cce1d8a5,1,Stage 1,1v1,78.9879150390625,0.0,7b2d5b56-fb33-42ca-bb1c-ca8c3f246947,0.1693121693121693,0.6084656084656085,0.1216931216931216,0.5,0.5,1.1647351364383087,1.2660164526503357,0.0,0.0,0.0476190476190476,0.0793650793650793,0.0264550264550264,0.0,0.6003821654782757,0.05476190476190472,0.6084656084656085,0.8830082263251678,1,Balanced
01a1cce1d8a5,1,Stage 1,1v1,78.9879150390625,1.0,7a3deb71-1a5e-4b42-a2d4-2fe4129134a1,0.1210762331838565,0.7354260089686099,0.0762331838565022,0.6470588235294118,0.3529411764705882,1.2660164526503357,1.1647351364383087,0.2142857142857142,0.0714285714285714,0.0358744394618834,0.0358744394618834,0.0269058295964125,0.0089686098654708,0.653300957583513,0.11644778987828308,0.7354260089686099,0.7588381564544484,2,Balanced
